plat,sa_username,sa,kol_id
instagram,__ditamal,8e1d3af1-b000-476b-8dce-98d93c5519ab,3dc9f149-d5cf-40dd-a4f0-9fdecd7e6e1c
instagram,aamandazahra,7f53bd36-5287-4be1-a4dc-37d7abf02e1e,d6100b4e-de13-4fa6-ab0b-4e6207fc9f0c
instagram,adrianarmanasco,44c00c0a-5d93-4f5a-8136-379292db1af8,a6414fe7-893c-4240-afb3-008289d68708
instagram,alecyavebyy,235d6ba2-d49b-44d9-bd70-92bd06e4f3b2,3f7c74b0-34b7-435c-989b-2b27f07691d8
instagram,almamestika,a4f6769f-2730-4e10-9a06-b50801790bac,bdfd3b21-fb07-4361-9941-357f7db237c7
instagram,andreastaulany,c9c42d49-f42b-4f0f-b16f-7996a161df24,8aab2b5f-4300-4267-bd53-4a3b60d3a027
instagram,angelaaudreyyy,2c1bb094-2f9a-461f-9b54-56b2d37fe418,f1b68746-5196-4c16-adc1-f7f6f0810b5b
instagram,anggiriana,cfdf7a37-b681-4042-95c6-a9da67bf6aa4,ede6360e-61df-476a-9b8d-7ef8a71560ef
instagram,anisaframita,dce563e9-b971-4886-b8be-735a43468108,b86fac41-e170-4e2f-a468-818d803b80d2
instagram,anyageraldine,dd945491-b7b4-46df-8d9e-c612545f30ea,d6e669df-9f46-4de6-a140-7c0a2c43cdd1
instagram,ayulstrni,a9a3fe71-f806-420e-ae9a-e6eeeba0713a,261dd973-8c4f-48ca-88c2-e7431745b1aa
instagram,bebyydils,c114147e-6ed0-4ef6-953e-340bfc7b3d62,7d5c13fc-eb3e-4b98-a01d-05d407ba45dc
instagram,bobbykertanegara,30764c3b-bec9-4b4f-b289-6cc0adea9833,098f800c-a997-4103-b478-b1e8d2852f4d
instagram,carlenedoraa,778bc5f7-8125-416a-9517-3fe04486ea31,ee0ae623-d4fc-410b-8728-c5eb8c94591d
instagram,cittaf,7f8ae666-4f0e-4c79-b53d-1e4ed666b767,61d8c0d8-0c87-4f68-b295-4b2a673cf80e
instagram,cokipardedebebas,61e06137-a870-44cc-9c4c-46b33985a3b4,476cb45f-e46e-4fdf-bba0-be9442c5ccb5
instagram,cristiano,8394aacf-5524-42d8-a1fa-7a7454fea2d2,7dd5bd80-1329-48b7-9330-df04cf57036a
instagram,desylasterina,d8682c70-52ad-4c2b-b5fa-df62f2bb4d1c,2b40df54-d657-424d-99c8-5a8799398ccc
instagram,fadiljaidi,9a9477fd-ed5e-4fb1-ba0e-1d3debece65c,6cdc37ba-be56-4b56-b1ea-41cc54187587
instagram,fahirair,cf11c7ea-bf7a-4ef4-b42d-ed1e42f60835,a7d4e602-1cc5-4954-9bd1-8d8046420f57
instagram,febbyrastanty,d8d89e1f-62ca-45a6-91d4-ecc0d30a9513,e9a6bc48-a3c9-409c-98d0-bd386263df1d
instagram,fidyahaliza_,104f9bce-3b48-470b-a81a-3261540f24bc,ff332e9f-4838-49ad-ae43-d7c36bab6eef
instagram,folkative,930ab024-c4c5-4e03-8545-b0952b6a0504,38751070-7cea-44f7-9edf-79dcefe43663
instagram,hildaa.maulida,da4d7ae2-6092-4de6-bd5d-7cf8d85b11e5,26d95548-8c0b-4329-8e12-ecc26f55bc6d
instagram,iben_ma,bceae6f4-8346-4bf4-8cd3-5ecd4c7a3278,de7b3261-7d29-45c2-bd45-afb68a980420
instagram,indozone.id,1b33ff30-9880-45d1-a1e3-fb5712283328,4f0f2e42-af3f-4921-9d26-09c7d9c3aab6
instagram,instagram,26b47c8f-cb11-4929-9372-2aaea28704f8,d0d4c520-8644-4cda-a9a7-8dae25e936f8
instagram,inul.d,71775fff-a9ec-4b73-904c-15d09a7bd717,e8658a17-1a19-47cc-af37-cd77b51a5683
instagram,irwansyah_15,5a945734-8959-46ae-a58c-980718071756,24ddf147-0f3c-4591-8c2d-36ac6c0d991c
instagram,isyanasarasvati,46769c57-3dd9-4bee-a611-747686cf0a10,6f5d6884-363a-4913-80c6-8caef8ea3e28
instagram,jihaannp_,a44f124d-fa69-49b7-8dde-77f8c6fc6e80,873ad28d-871b-4a75-b35f-b046a24e0232
instagram,jktinfo,442ddd35-1470-48dc-8503-5fd8451b6dd3,241bb862-4f8e-4dba-9ffd-97f146e68cd3
instagram,kanazhra,929c73a7-3790-4530-8ec2-3b304107014e,dac954ad-bd02-4fbf-9a39-916f508f7fc7
instagram,karindennisha,dce60f10-07d5-434a-bf95-39802f1ce24a,494a4cd9-bafe-4e79-9988-5d77e3002f25
instagram,lambe_turah,89c0a941-20f5-4fad-9045-a5ad10f92f2f,5dc465b4-bf50-4db8-a0dd-0492f250c66b
instagram,learellaa,aebd73eb-11e2-4a45-a627-264813120ae7,9b19d9de-060e-4bf4-aa3b-024535a70739
instagram,leomessi,abd72737-8399-4507-a333-c5ed876331c2,2fd2276d-25d9-446a-8a48-07636c358926
instagram,lindakayhz,ad8057f5-e603-4de9-81ba-a975b7580d4d,49fd7cd8-9d07-4159-a7b6-8bfe0b02bba4
instagram,lunamaya,8cc9c6d6-d7f9-4824-9be3-9868e9fef93f,3491cdd5-0db0-4c33-a75e-a88ff2064a08
instagram,meisyasallwa,5e6a22e5-28c5-4ba2-912d-d639134c8456,2030bdaf-4fd4-4762-b417-4f6ca070b1c4
instagram,mel_josh_claire,25942584-f60a-425b-b113-5ef0e973ff43,e6a7bc55-8fe6-48e0-8ccd-70c16d850363
instagram,mineralbotanica,55b02607-262b-4854-b0be-866e10d17c41,62280e33-042a-499e-b8da-c553aac22818
instagram,nandafmarcelina,c2d5e8fe-fd9c-4542-abfa-f02d86075812,b0946c0d-6def-4606-8bdc-05ad08e451b9
instagram,niacnofitasari,ede0d974-6e17-4766-830d-63c4df892003,f81149ca-2f45-4330-b3f1-ff7eb939bf07
instagram,nisaput_hudia,485a7867-2af1-4e71-9ff7-6ed84505cb00,49525788-baec-48e2-adc4-c1e3265efc3d
instagram,oliviareginas18,b8af4046-4e43-42d5-9ef5-2ba839481f40,d5ad6da3-9b30-4dc9-a91e-da246b78192e
instagram,pevpearce,34d4195e-6542-43be-a464-46c0c1301512,2a16a2e3-5b27-4a0e-b57b-336cacfc995e
instagram,properbeauty.id,a8604cdb-5045-45c3-9cdf-2918816e5ded,61899016-afbf-477c-9e5b-00b308aeec79
instagram,putryjeje,a377001b-ea03-419c-91ae-6ee88f5b5e49,70a116b6-c0f1-42f7-ba15-7110690c8436
instagram,queenviolia,9f291f82-7fd1-413b-98e5-e8fff88a5b12,c4cb30dc-c504-4473-8147-d9b5f16070d7
instagram,raditya_dika,e1bf46af-ac40-4a08-9cb3-bc6e2034ba34,1783607a-75b8-497b-bd51-ba065d056ba8
instagram,raffinagita1717,d3a87642-e5c3-4e41-a359-b0d708b8a058,606c41ef-8944-4c37-8615-49db65400931
instagram,raniaayamin,06712845-dada-40c7-bad8-873bd3f18587,b586c346-f144-433d-9325-b25015f6db2e
instagram,rayanurfitrird,75fc405b-264e-4483-b7f7-e3c371da719d,8dbcdc43-8754-47c7-931d-1607af7308c0
instagram,regina_nugroho,d58bc473-0702-47e0-a0a5-045da62f3915,fb881b09-d45e-4949-bba5-a2a959f01fe3
instagram,rennireree,26465651-7a14-4c01-be6f-527ceebd39df,123c1223-0ddf-4a93-85ad-1c0580194914
instagram,riaricis1795,aca4a01d-a7c5-4cab-9e99-8e31344653b7,f0354daa-0460-411e-9fb8-b3a994db2490
instagram,saalhaerid,c8699f2e-bd28-4cd6-8053-9ee54a68e0f1,6ce42ec0-2a7c-4642-8a3d-f445d1fe7e2b
instagram,scepynun,1c951a14-8cbc-4bcd-8d15-663a5a093577,136f1848-aa38-4933-8a31-ec5b72078310
instagram,syakirdaulay,e2b314b3-3cb6-417f-a824-4d69d6aff268,217a2c1f-e1ac-4ba4-aad9-5ddab92e08f5
instagram,sysyaaaaaaa_,7b8df9e4-40ce-494a-9a1e-87ffd0b5e24c,4f87f930-179b-4b7e-b4fb-6f297cf761d9
instagram,tasyafarasya,928f03c9-228d-4318-bf5c-3a11119f5fa2,ad479019-10d8-426f-832f-f089b67baa4f
instagram,tasyakamila,758a5d48-46d6-4aed-a094-9d861ab10fb1,7ca65780-8a77-423a-b203-27a3c9454db6
instagram,tellaaa09,539e2686-2006-41ab-92f5-1dc901d7e033,b7e1d305-58d7-4194-b49a-6f59207b588a
instagram,theliztagram,403e9fbf-1ab3-4511-8e49-c2a2c62b164d,315db678-0056-42a4-8ff5-87fe3dd874b0
instagram,vaniafebrianne,f8c2b80d-b83c-4ddc-9079-fda9405f6a6a,534723c7-4985-4b83-ae62-d46ca2bf3814
instagram,vfeliciwa,78afde7a-3c0b-4aed-9b8c-64b9a2acf0d0,35a0254e-7860-4f4d-8075-fdfb0d64b764
instagram,withzaza,db422d2a-4388-4fbf-9b36-588418988bfd,7cda0fcd-31ba-4dce-91de-da363c3054ff
instagram,wulanguritno,5e6c90c3-a0d6-43c2-8fa4-2650582cdcfd,15c30acd-118d-4841-bc5c-475b26ee80e9
instagram,yudhistirawr,c2aa6030-82fa-4cfa-8f4d-1fa0780585f8,fd63db81-6fa8-4941-803c-4f4433d588ab
tiktok,arafahrianti02,d5763d54-c1d7-4fa2-937b-708cbad56a14,f2e8a875-e9c3-4db8-a441-0fe043763440
tiktok,bangsaonline,cad35f1c-dfea-40c4-847e-5a5a9b8d967d,1b3afc5a-ff2c-4723-bb2e-d33bb9989c91
tiktok,botakteras,e6ff98a3-9a38-438d-9b84-e4dd16482035,6bdd8713-8312-451e-8901-06a353aa9696
tiktok,celinenobleza,1a725845-8914-448b-b124-13337c17e21a,94dfc30e-a022-4fea-b747-0bb8ba410a0c
tiktok,dennysumargoreal,dd5d860f-a608-47dc-aa64-7fe3a06d7cbb,68fdc2e2-e5e7-4745-8f67-052ed1d0a630
tiktok,ditanganu,7f24a513-b477-4c39-a8f8-1147f944ba76,934b0de4-d57a-4798-a36f-79dc15bc07b0
tiktok,drrichardlee,db63867e-bf06-45a1-a274-058c0c64f5b5,77b96ce0-f4eb-45ec-af1d-42877b54588a
tiktok,efritaasmr,b9e81474-2d43-460e-871b-054fe0f2c2ac,a944dfa2-38b1-4962-814a-997fc9c651c7
tiktok,erickapineda09,a08fa0b5-593b-4e81-8121-3fea3956abd3,6115ab2f-8e56-4656-989d-a0a2895e8b43
tiktok,eunicetjoaa,b252a260-4dc9-4a1a-9d1e-785b59210de0,febb54fe-4950-47fa-aa60-8521ef677caa
tiktok,hesfinatia,305b9b0d-11f3-4cd9-9fc5-c7aee90fc609,8e0cdd34-85b3-446c-ad96-d1d19a9d32db
tiktok,iben_ma,aec5ee65-65eb-44aa-868d-3fb59d13cfdb,3f8232fc-ac7f-447f-b0ec-5cee130ee3c6
tiktok,ibnuwardani,4acdd7f4-3c7d-43bf-9a50-1dae453c8247,5f336f2d-8ae2-4002-b456-1c956a274b15
tiktok,imeyhou,c6796f08-b098-4bc9-8c04-8d652c122ea6,0f23dced-231f-4380-8b98-2349b05cab12
tiktok,jennifer.coppen,ca418e84-af4c-4964-a38c-75e10f83c17b,de8a4c94-f595-4f8e-9e20-2a671a82eac7
tiktok,jharnabhagwani,1d360305-5835-451d-8928-163337860ecb,5ab1c10c-e701-4631-a37a-7e4272956e4c
tiktok,knzymyln__,dc33ab1a-0ed1-400e-abd8-4cdbac4f9bf4,3e3cabf8-23c4-42df-bac0-c032565ada2f
tiktok,lalitahutami,ac234201-572f-459b-ab1d-da38e0c9f8c1,4815a3e8-234e-4a76-8112-4e7b01c5f1fa
tiktok,marcelldegen,9f7fcd5a-c75c-40a8-814c-00d6c423c991,5c7bfd60-87d8-4008-b090-838d4f5ff635
tiktok,megandomanii,4b38326c-5a3f-44dd-8b80-901318f0acdc,749fa2b4-ebd0-44bd-9662-52c2da2c6686
tiktok,mursid241,11d560c0-f826-4ab2-8b38-a8d2c3a5f961,7141a6c4-86f0-4b0e-b6af-3509f0f820db
tiktok,nanakoot,d50f9018-1f9e-4d18-b586-25241bacbcb3,ce00cfff-7785-4582-b956-7b1885305396
tiktok,pandawaragroup,fb2c690e-cf92-427b-876d-cf47744411d0,3e91a4aa-5f47-4cc6-b0a2-7b903b47f263
tiktok,pojoksatu.id,0a03ffa4-772d-4c11-97b9-03dcfeaea5cd,b5c58aa0-c1ee-40a4-9ba0-11befb331bd6
tiktok,saalhaerid,4729110e-b229-4aa1-b602-70d32eaadf61,9af7e5b8-8967-46ea-9ace-7f84b7e879ca
tiktok,shaturday,4a6c1ec5-3f92-4a47-9104-e12c7310540e,53ad37df-4a8a-49fb-8521-96627caddad1
tiktok,soimah_pancawati,f20442bd-da74-469e-8d39-18844e194911,1cfa6644-35e8-4e90-a947-85f71a444a40
tiktok,sptrakori_,81870f7b-fb28-4cbd-a577-d5d7ad94eb1d,6b54df83-8c12-4176-95c3-857de80da254
tiktok,veliaveve_,86dabe1a-8ae2-410e-a32c-483218e9344a,a20f97e7-6f0c-408f-9389-f9aedc2d448c
tiktok,yourrkayesss,d297127f-054b-4517-9de9-6eaa703d3cfc,7cf3b6a5-a45c-48b3-be7b-8189fca46233
